PostID,industry_encoded,num_interactions,avg_interaction_score,unique_users,engagement_score,post_popularity
1,0,129,0.8809092377921052,129,0.5100211465206318,0.129
2,0,119,0.8971218240261714,119,0.18542475076163528,0.119
3,0,131,0.9185756529437422,131,0.43952321490692475,0.131
4,0,143,0.8995075927765929,143,0.20603785697338614,0.143
5,0,138,0.9104034838824967,138,0.3333503874771723,0.138
6,0,142,0.9056217148495566,142,0.15197616576381776,0.142
7,0,144,0.8952994012158023,144,0.23645276315340336,0.144
8,0,144,0.9126832576812439,144,0.1767122388659188,0.144
9,0,140,0.9160245508922799,140,0.2663535381539574,0.14
10,0,127,0.9066620869908529,127,0.3514757092692968,0.127
11,1,135,0.8955944032822479,135,0.4977505098983974,0.135
12,1,139,0.8957498283377219,139,0.3701431718186661,0.139
13,1,146,0.8809090394055592,146,0.1078609586721348,0.146
14,1,145,0.891581405662328,145,0.4334344122547572,0.145
15,1,144,0.9173789314067002,144,0.1764387013621293,0.144
16,2,146,0.8857883485822697,146,0.4152173480430995,0.146
17,2,140,0.9067314090722117,140,0.49595613889925305,0.14
18,2,137,0.8900509165213185,137,0.12175700658291308,0.137
19,2,141,0.901359442131663,141,0.29883401782545427,0.141
20,3,158,0.9044673987270928,158,0.34099601683928277,0.158
21,3,143,0.9156738569561856,143,0.24299578995160745,0.143
22,3,132,0.8895880441678189,132,0.3712119455164494,0.132
23,3,128,0.8814967281263686,128,0.3194757144223452,0.128
24,3,137,0.8903365549233062,137,0.15659004954402497,0.137
25,3,137,0.8979551616245276,137,0.19245115362270965,0.137
26,3,116,0.9029247684132098,116,0.4934465357565837,0.116
27,4,140,0.8914928367907002,140,0.4399987749085268,0.14
28,4,116,0.90679310937667,116,0.1808357907415592,0.116
29,4,142,0.8988244984346736,142,0.1409616678888601,0.142
30,4,116,0.8882747433361182,116,0.04857505786620749,0.116
31,1,143,0.8971261002848088,143,0.205912592512101,0.143
32,1,135,0.9059718042655852,135,0.13564457106987662,0.135
33,3,128,0.9013845324137583,128,0.3542013952293209,0.128
34,3,127,0.8960936582889166,127,0.34276939193761996,0.127
35,3,132,0.9048696615526367,132,0.049965772808281766,0.132
36,3,131,0.9035693644906542,131,0.2125125558699243,0.131
37,3,145,0.9018640020593462,145,0.18287306901150824,0.145
38,5,131,0.9130056849246135,131,0.41512376850495747,0.131
39,5,148,0.8931728329197217,148,0.40167697015991627,0.148
40,5,136,0.9006834788830423,136,0.16666483044103883,0.136
41,5,139,0.9164966872513008,139,0.19703095498894443,0.139
42,0,137,0.8937053691951163,137,0.31608272752861855,0.137
43,0,142,0.9245605215170184,142,0.3747128159033952,0.142
44,0,138,0.8848841620970267,138,0.08586028315901947,0.138
45,5,149,0.8846187770411482,149,0.21641308393772868,0.149
46,5,156,0.9067846064636702,156,0.22148650021769528,0.156
47,5,123,0.8814013175522666,123,0.07874484635649759,0.123
48,5,165,0.9065692945754326,165,0.18203804955129535,0.165
49,5,140,0.8805559072426311,140,0.15230542524426305,0.14
50,0,148,0.9152837683299747,148,0.06554678711814887,0.148
51,0,145,0.9127843511019778,145,0.19319358268276435,0.145
52,0,138,0.8982867897006389,138,0.4495009246719644,0.138
53,5,131,0.8739832887081499,131,0.17696161187535495,0.131
54,5,161,0.899323654597613,161,0.07251339657297809,0.161
55,5,137,0.9137502249537022,137,0.06244930673178583,0.137
56,5,142,0.8992074990385039,142,0.08744861827775531,0.142
57,5,138,0.8979194485505391,138,0.23474471424283572,0.138
58,5,145,0.8996956719212917,145,0.3377300924400515,0.145
59,4,138,0.903239391487531,138,0.04402386175012148,0.138
60,4,135,0.8889794455622516,135,0.15429660834559725,0.135
61,2,145,0.8921295063307773,145,0.1522736223686726,0.145
62,2,137,0.8727662156892592,137,0.2734925836489069,0.137
63,2,132,0.8822631494795847,132,0.01724054787232272,0.132
64,2,141,0.8961560284009296,141,0.6213997588316668,0.141
65,2,140,0.9018073998419013,140,0.16522396641569986,0.14
66,2,137,0.9080473749092943,137,0.5555248201503832,0.137
67,2,145,0.9192564588874681,145,0.38480724595457566,0.145
68,2,148,0.8946326185920729,148,0.11051833214030034,0.148
69,2,138,0.8795713518534473,138,0.41786177597280505,0.138
70,2,133,0.8969858727529254,133,0.33551031368054934,0.133
71,2,132,0.88886527576423,132,0.28085611764621204,0.132
72,2,157,0.8895046557057278,157,0.3441880603905865,0.157
73,3,126,0.8860891245529103,126,0.16618281835278703,0.126
74,3,134,0.8757150222290697,134,0.3765872282821095,0.134
75,3,141,0.8836463270762533,141,0.13783744518362584,0.141
76,5,135,0.9162691452639169,135,0.43350242449640886,0.135
77,5,141,0.9039633787550458,141,0.21702951886801483,0.141
78,5,149,0.9021762722209838,149,0.28123212381550217,0.149
79,5,132,0.9129345089468175,132,0.30007048397301367,0.132
80,5,143,0.8839906933340089,143,0.45804670125219143,0.143
81,5,123,0.8974874580744464,123,0.1394909607593845,0.123
82,5,132,0.8986241610134823,132,0.5084158218537408,0.132
83,5,134,0.9006171188844151,134,0.4808659720208993,0.134
84,5,147,0.9129248989620731,147,0.2615906794140877,0.147
85,5,152,0.900891643140184,152,0.12418469790124984,0.152
86,5,126,0.8652066395334926,126,0.19464099997389722,0.126
87,3,131,0.8979535580001304,131,0.27592589140389434,0.131
88,3,148,0.8985732692892493,148,0.12456292749729928,0.148
89,3,130,0.8968352664081957,130,0.05369741236383834,0.13
90,5,135,0.9059410324450418,135,0.22598954973707724,0.135
91,5,147,0.8946287699684015,147,0.2398241319619541,0.147
92,5,155,0.891708012694631,155,0.24058912599152268,0.155
93,5,151,0.9024601475067227,151,0.35216925449056463,0.151
94,2,141,0.9019183302092822,141,0.21932127636821439,0.141
95,2,145,0.8881629365985739,145,0.1884859349053401,0.145
96,3,149,0.8949359614936767,149,0.24897527300481215,0.149
97,3,133,0.8960553423971859,133,0.06029215103607398,0.133
98,3,157,0.8996629590409619,157,0.18384720304552493,0.157
99,3,131,0.8886009431613731,131,0.10884744596061412,0.131
100,4,123,0.9134283444059835,123,0.0438399367418649,0.123
101,4,130,0.9055145951884989,130,0.5163553476785452,0.13
102,4,142,0.8830829425296456,142,0.3638196328098335,0.142
103,4,125,0.881952961696387,125,0.09838800296333591,0.125
104,4,145,0.8809946938758362,145,0.21829946379328544,0.145
105,5,148,0.8883577319838601,148,0.25176071925728427,0.148
106,5,135,0.8939536869264452,135,0.6168347230699848,0.135
107,5,144,0.8930820313483854,144,0.3691057453491287,0.144
108,1,135,0.8911748609975363,135,0.1012090895604373,0.135
109,1,127,0.8941053354192786,127,0.09433033890496398,0.127
110,1,134,0.8906094991781797,134,0.35911293782473674,0.134
111,1,152,0.9087996292368169,152,0.08731530563592704,0.152
112,1,143,0.9128802990733995,143,0.5937581379466768,0.143
113,2,135,0.8946981763373525,135,0.1564542197774858,0.135
114,2,164,0.8959570149145979,164,0.1778512948744539,0.164
115,2,132,0.8824139089294458,132,0.41537885923563306,0.132
116,2,135,0.9115623585207977,135,0.12306734126582977,0.135
117,2,147,0.8967610369094942,147,0.05472852777106839,0.147
118,5,161,0.9022569426568097,161,0.20483752825728385,0.161
119,5,130,0.9013567968601972,130,0.15821667897208674,0.13
120,5,138,0.893670696587836,138,0.1342115798742402,0.138
121,5,121,0.876675489899751,121,0.22496716901450697,0.121
122,5,144,0.9097283815356071,144,0.3940733526676791,0.144
123,5,120,0.9176380955112704,120,0.07317521184209529,0.12
124,5,129,0.9103502023448035,129,0.32429733790371096,0.129
125,5,132,0.89666531811264,132,0.1467178285113195,0.132
126,5,125,0.9022285554182252,125,0.0916228562660852,0.125
127,5,128,0.8934587598558271,128,0.16000725322047288,0.128
128,5,124,0.8976159849954578,124,0.14700811027504881,0.124
129,0,146,0.9031579597884597,146,0.047649950481088076,0.146
130,0,139,0.9087513597920024,139,0.24828063570750614,0.139
131,0,164,0.901659152879676,164,0.2856025562679705,0.164
132,0,153,0.9139682722979843,153,0.10575502033241181,0.153
133,0,133,0.8884012770081982,133,0.12065376748036044,0.133
134,2,142,0.8960025319654461,142,0.13025155334048003,0.142
135,2,153,0.8988428734537262,153,0.05558836758498843,0.153
136,2,138,0.8917712921204345,138,0.22589179182669533,0.138
137,5,119,0.89749254211649,119,0.2895247572614086,0.119
138,5,145,0.9133691207603667,145,0.26789305901517196,0.145
139,5,141,0.894742358061687,141,0.4610495791001784,0.141
140,5,143,0.8999459629281321,143,0.15766909090912853,0.143
141,5,151,0.8778392932323075,151,0.17893308679248585,0.151
142,5,151,0.8944443902781554,151,0.18829045316876128,0.151
143,5,134,0.8856348702121337,134,0.08213445627021361,0.134
144,5,140,0.9084307782126346,140,0.08966763495243231,0.14
145,0,140,0.9137409667924062,140,0.13189587403295328,0.14
146,0,122,0.9053101303331267,122,0.5491664066035505,0.122
147,0,146,0.8980910164650634,146,0.5846603042865978,0.146
148,2,140,0.895279352784157,140,0.09590280438575784,0.14
149,2,139,0.8854312031565202,139,0.23775060886018579,0.139
150,2,156,0.9003459102066299,156,0.17953534484221623,0.156
151,2,135,0.8840890002583351,135,0.12487768738258108,0.135
152,2,152,0.9072198648147155,152,0.2453236853431388,0.152
153,2,125,0.9017230940207385,125,0.3714693786982557,0.125
154,2,130,0.9112970056218981,130,0.5261702383630603,0.13
155,5,140,0.9027826964673097,140,0.30276500060071915,0.14
156,5,143,0.8994340810127619,143,0.538313549021007,0.143
157,5,137,0.9119759922515217,137,0.194022576974945,0.137
158,5,157,0.9092728552017425,157,0.24936533310774386,0.157
159,5,147,0.8810404434704168,147,0.12501604179041545,0.147
160,5,130,0.8949992267516605,130,0.12192465849325668,0.13
161,5,142,0.8964804768255704,142,0.17833184776675975,0.142
162,5,150,0.8987815211690053,150,0.47713016379478473,0.15
163,5,143,0.9033343604586344,143,0.10476313546414423,0.143
164,3,129,0.9064463943044456,129,0.12493195721971394,0.129
165,3,146,0.9057355213591196,146,0.20681198746092733,0.146
166,3,124,0.9110495098516636,124,0.4189363969818895,0.124
167,3,130,0.8946239928294845,130,0.12517630996094656,0.13
168,3,132,0.9043674863247451,132,0.14963852418842594,0.132
169,3,128,0.8842607210318263,128,0.29615035143470286,0.128
170,1,152,0.9021061982395749,152,0.4398160056605449,0.152
171,1,149,0.9075937671856339,149,0.31818244251688166,0.149
172,1,152,0.9206677884250914,152,0.5425953170178905,0.152
173,1,128,0.8746136409623897,128,0.3161589354101576,0.128
174,0,118,0.9021801724393383,118,0.377843893197518,0.118
175,0,139,0.8995718152246034,139,0.11458818305350374,0.139
176,5,137,0.8830444656885496,137,0.12024665585493145,0.137
177,5,143,0.8917652956447757,143,0.4332099053215815,0.143
178,5,117,0.8927271242862851,117,0.1613692523530792,0.117
179,2,133,0.8919601623473604,133,0.21461176044199867,0.133
180,2,107,0.9154460071738507,107,0.12242622386719582,0.107
181,2,125,0.9205650247575621,125,0.11293353792625509,0.125
182,2,122,0.9228055474985286,122,0.31328733602900205,0.122
183,2,126,0.8933940012548947,126,0.15792949205586013,0.126
184,0,136,0.9003828112775396,136,0.30996378591893015,0.136
185,0,138,0.9034642088400038,138,0.35426802182565836,0.138
186,0,129,0.894931418625644,129,0.44439690278610955,0.129
187,0,146,0.8885851745907786,146,0.6693308735984044,0.146
188,0,123,0.9066645741292375,123,0.4330463585200365,0.123
189,3,136,0.8869595951332352,136,0.07260979665593852,0.136
190,3,123,0.8722606592564384,123,0.21794920544342847,0.123
191,2,118,0.8938757679385464,118,0.05010481428945145,0.118
192,2,151,0.906452782963806,151,0.0935389537324403,0.151
193,2,146,0.9137843937626826,146,0.582317706956713,0.146
194,3,150,0.8999499614193678,150,0.2524284200569584,0.15
195,3,140,0.8960835422980398,140,0.5898499639283559,0.14
196,3,132,0.9012838525118861,132,0.2030838485071971,0.132
197,3,141,0.8608521359983928,141,0.2356577661302066,0.141
198,3,141,0.9203190959884898,141,0.2975250859957432,0.141
199,3,121,0.9076341554696095,121,0.42622574133916374,0.121
200,4,129,0.9043946583193766,129,0.03497834100889473,0.129
201,4,142,0.8730962200259508,142,0.3181822897866017,0.142
202,4,144,0.9125731709315167,144,0.20567437506901462,0.144
203,4,148,0.8871961894699414,148,0.16320228191972572,0.148
204,4,127,0.8857570679869083,127,0.16733204423455897,0.127
205,3,133,0.9014038745086813,133,0.20629213236830718,0.133
206,3,125,0.8901320833310102,125,0.4717516825695846,0.125
207,3,134,0.8998886685271157,134,0.020768391818054392,0.134
208,2,133,0.8809119056266913,133,0.25767686787292365,0.133
209,2,145,0.8886717012596366,145,0.12513567672205042,0.145
210,3,120,0.8886052495870655,120,0.2432373217769729,0.12
211,3,123,0.9073078974898332,123,0.24934299770146914,0.123
212,3,130,0.8807966206499451,130,0.2754591954576255,0.13
213,3,125,0.8818975338890003,125,0.20572001954304833,0.125
214,3,131,0.9288594231277844,131,0.26279855885489445,0.131
215,2,113,0.9326466030444379,113,0.36602197756660615,0.113
216,2,128,0.8915488444150168,128,0.08493611719402241,0.128
217,2,127,0.8909301766911081,127,0.2697168093796046,0.127
218,2,147,0.9078995645048227,147,0.14911506765370922,0.147
219,2,150,0.8658069287461945,150,0.21405609122354016,0.15
220,2,157,0.8997863539987127,157,0.16204179298728377,0.157
221,1,149,0.8930338072915455,149,0.30152175603760667,0.149
222,1,139,0.9085199922740107,139,0.47143121637776275,0.139
223,1,152,0.9203589312557513,152,0.2658761801634128,0.152
224,1,144,0.8914727817201236,144,0.011915289232971379,0.144
225,3,123,0.888071563397823,123,0.48797987880554383,0.123
226,3,131,0.9087092776537695,131,0.15283769255773574,0.131
227,3,143,0.8722254969449452,143,0.3603974851164233,0.143
228,3,124,0.9153118689617167,124,0.6954725385616416,0.124
229,3,132,0.8973259326418594,132,0.31326555550670115,0.132
230,3,131,0.8995189045192639,131,0.32801862192276443,0.131
231,3,122,0.8985219304208977,122,0.19124849884029613,0.122
232,2,130,0.8868318791771438,130,0.17166854931656003,0.13
233,2,133,0.9006904732560033,133,0.34042404622751055,0.133
234,2,136,0.8936889811944002,136,0.4630255671905064,0.136
235,2,131,0.910034042979602,131,0.1896528825014437,0.131
236,2,124,0.8947935904574412,124,0.4073142578515816,0.124
237,2,138,0.8910814564082667,138,0.1719217888735719,0.138
238,2,138,0.9130108638263189,138,0.24184171059409368,0.138
239,2,118,0.8906983525385942,118,0.16248683791535107,0.118
240,2,137,0.8967662639416606,137,0.3200947516123416,0.137
241,0,132,0.9052959404344965,132,0.2548341413018765,0.132
242,0,129,0.8996452914525596,129,0.17966598408700804,0.129
243,0,134,0.9151359405542991,134,0.3994706683203269,0.134
244,0,160,0.9097484078349707,160,0.18562254204349452,0.16
245,0,139,0.9088690833646789,139,0.15621340864239616,0.139
246,0,140,0.8937210550968585,140,0.3587832851825974,0.14
247,0,136,0.9028760053357604,136,0.3651011707013037,0.136
248,2,128,0.92152338040828,128,0.11599823397627379,0.128
249,2,137,0.8804370456995037,137,0.4126560201737627,0.137
250,2,141,0.9127183323774123,141,0.21276110136436552,0.141
251,2,160,0.8830672237366027,160,0.1214298439692125,0.16
252,2,138,0.9094361132470398,138,0.24478644245699982,0.138
253,2,130,0.8970277747692067,130,0.48302769724959843,0.13
254,2,130,0.8770686216985368,130,0.4938197156866277,0.13
255,4,125,0.9017174367482041,125,0.0733902261566318,0.125
256,4,127,0.8959205159750848,127,0.300507725679989,0.127
257,4,130,0.9129309497944095,130,0.35516321911764254,0.13
258,4,130,0.892687594199494,130,0.3300603881094092,0.13
259,4,148,0.903135980638465,148,0.13932591551021523,0.148
260,5,143,0.8961506357032732,143,0.2329496786832204,0.143
261,5,145,0.9085453084853549,145,0.1430766337986291,0.145
262,5,144,0.8878360049393612,144,0.5154275747599695,0.144
263,5,155,0.8823622110877101,155,0.3905666126832049,0.155
264,3,135,0.9188120030045597,135,0.10153176308277474,0.135
265,3,128,0.9016905628697107,128,0.46970448127632924,0.128
266,3,128,0.9017424437816364,128,0.32331603225464656,0.128
267,3,114,0.9069536113760291,114,0.42220581406854707,0.114
268,3,126,0.8474039185882479,126,0.36234489406547915,0.126
269,3,128,0.9147407699480943,128,0.18906554717730678,0.128
270,3,130,0.8914585048754228,130,0.30866044016932753,0.13
271,3,144,0.8818837998589871,144,0.046595762490657604,0.144
272,3,134,0.8855344759680511,134,0.33529157452641,0.134
273,3,147,0.9001834369627858,147,0.3511223063956253,0.147
274,3,155,0.9055913709596743,155,0.5215634503629506,0.155
275,2,148,0.8970556954455396,148,0.20294998534130848,0.148
276,2,143,0.880918055028909,143,0.18865842029164087,0.143
277,2,136,0.8719743640042696,136,0.034108723493318026,0.136
278,2,156,0.8841608086220888,156,0.4433163998055356,0.156
279,2,136,0.8847934327719746,136,0.08632530572118871,0.136
280,0,148,0.9023625280254082,148,0.22939436428571477,0.148
281,0,158,0.8862848356207605,158,0.1324715231412351,0.158
282,0,151,0.8929587885721949,151,0.17295531082754403,0.151
283,5,143,0.9097932848060455,143,0.037940884543679616,0.143
284,5,131,0.9097074697889209,131,0.3802085122548284,0.131
285,5,108,0.8945872929137652,108,0.23061578300886748,0.108
286,5,134,0.9042810776322164,134,0.22549488918058452,0.134
287,4,126,0.8891087397218558,126,0.3710262952299446,0.126
288,4,140,0.894791603979019,140,0.4239940724883196,0.14
289,4,135,0.9221994952853042,135,0.15332713190359426,0.135
290,2,126,0.91556387168268,126,0.17876657362317266,0.126
291,2,155,0.8928713860062842,155,0.33992122830648763,0.155
292,2,117,0.9029359786827909,117,0.25994542134499043,0.117
293,2,150,0.9023580753630334,150,0.23781550812203303,0.15
294,5,143,0.9072034758769421,143,0.11249622444713968,0.143
295,5,141,0.9175750599884225,141,0.043947449746415054,0.141
296,5,154,0.9168522607150481,154,0.5014642503730502,0.154
297,5,144,0.8962828732868632,144,0.2747482967445847,0.144
298,5,143,0.9116435592788172,143,0.19904059417182945,0.143
299,3,124,0.904392728387653,124,0.30402665729509104,0.124
300,3,149,0.9027630524826226,149,0.07805434954153158,0.149
301,3,131,0.8837878940042847,131,0.5653799081540847,0.131
302,3,114,0.8981625782888651,114,0.3412469322153074,0.114
303,5,158,0.9047540981687449,158,0.09192293119752074,0.158
304,5,137,0.9168258461766545,137,0.4416527751942081,0.137
305,5,141,0.9170859241263313,141,0.28559878569209746,0.141
306,5,145,0.8879422423013831,145,0.4461468387293431,0.145
307,2,134,0.8787412590931931,134,0.2777015566802971,0.134
308,2,129,0.9160034721911211,129,0.24918017712548907,0.129
309,2,105,0.9077380444052051,105,0.27273418265165505,0.105
310,2,121,0.886545818082102,121,0.22536054614759388,0.121
311,2,130,0.9080618587339547,130,0.05934105207198114,0.13
312,3,112,0.8999451459256171,112,0.3129951765030269,0.112
313,3,120,0.9094176846475744,120,0.39723511870780326,0.12
314,2,120,0.9139273815809307,120,0.20425964761839988,0.12
315,2,123,0.8895267393220053,123,0.050708461517686,0.123
316,2,127,0.897450046038487,127,0.24869316953195433,0.127
317,2,136,0.8945661727807713,136,0.48735282528753243,0.136
318,2,129,0.8868860641284442,129,0.032385072452466274,0.129
319,2,135,0.8813913096147687,135,0.2564732551082803,0.135
320,2,140,0.9073479835941509,140,0.08353783896571627,0.14
321,2,111,0.891103583222592,111,0.15295928878786463,0.111
322,2,139,0.9094357620927412,139,0.12060561539018577,0.139
323,1,138,0.884631319142148,138,0.21277918517558048,0.138
324,1,134,0.9175099613137512,134,0.312387806594826,0.134
325,2,146,0.881838055684601,146,0.5386257758864665,0.146
326,2,160,0.8957522511996656,160,0.38892421492887,0.16
327,2,126,0.8923028376641076,126,0.5039733144594892,0.126
328,2,150,0.902098621192855,150,0.19188254422265216,0.15
329,2,137,0.8864959185011866,137,0.023135365027132232,0.137
330,2,143,0.8836822003926547,143,0.07970587973465847,0.143
331,2,138,0.885416437220224,138,0.09568497874746346,0.138
332,2,143,0.911327570966045,143,0.24060738112439378,0.143
333,2,135,0.8954126842514138,135,0.43085218793561436,0.135
334,2,150,0.9039925864163864,150,0.23652058635097947,0.15
335,4,125,0.8780281886504889,125,0.21305102364238124,0.125
336,4,130,0.8899567365416599,130,0.3745267018531638,0.13
337,1,145,0.8935561471108374,145,0.15373910639521166,0.145
338,1,142,0.8760962331083002,142,0.3504559604263016,0.142
339,5,143,0.8939295749570817,143,0.08868392777770169,0.143
340,5,160,0.888853089302801,160,0.02534035720613175,0.16
341,5,141,0.9219694070709747,141,0.2973662026212355,0.141
342,5,163,0.8903347429791376,163,0.29389417893260794,0.163
343,2,141,0.8816069115959271,141,0.31874895656977564,0.141
344,2,135,0.9138802298629553,135,0.47206387845130776,0.135
345,2,138,0.9090339010326624,138,0.570385644388896,0.138
346,2,123,0.8858832299821278,123,0.22657889196970585,0.123
347,2,127,0.8946179663926784,127,0.18699245872764303,0.127
348,2,153,0.9045212603632851,153,0.26083867067657557,0.153
349,2,145,0.907547012911874,145,0.0658474596262932,0.145
350,2,145,0.9121524378380313,145,0.5279878570264718,0.145
351,2,151,0.8926378826790689,151,0.12459698164240023,0.151
352,2,142,0.8996819710579478,142,0.18570147244729593,0.142
353,2,142,0.9163306712448926,142,0.07234192072629735,0.142
354,5,130,0.8910679487246748,130,0.1547959832938095,0.13
355,5,156,0.8870853987257339,156,0.3474940108849475,0.156
356,5,130,0.8731492980379164,130,0.062101820764515724,0.13
357,2,129,0.8935698507869794,129,0.08293324821232144,0.129
358,2,129,0.8961529871581246,129,0.10079385739381208,0.129
359,2,157,0.8678492241922284,157,0.22268798388548935,0.157
360,0,129,0.8971817920914833,129,0.3332398870824683,0.129
361,0,151,0.8880796656323631,151,0.34404147378105904,0.151
362,0,135,0.8989787240787901,135,0.26567277793170513,0.135
363,0,135,0.8911694514528181,135,0.3346332081236833,0.135
364,0,141,0.9074151778876041,141,0.13634709592165828,0.141
365,0,152,0.9084572929641537,152,0.22091686075635303,0.152
366,2,127,0.9057066286593088,127,0.3016646978025168,0.127
367,2,118,0.8862643938100604,118,0.32976339715229214,0.118
368,2,130,0.9223996824694312,130,0.25768589098798433,0.13
369,4,132,0.8883846277110782,132,0.05021905451930141,0.132
370,4,150,0.8788676866506032,150,0.11233621545218034,0.15
371,4,153,0.9094363178414935,153,0.2063229253509408,0.153
372,5,126,0.9063501754521971,126,0.19620648660521234,0.126
373,5,129,0.9039534715673365,129,0.2073166765660165,0.129
374,5,146,0.884906924389473,146,0.32106843286505776,0.146
375,5,132,0.8872907756888451,132,0.28553814222590385,0.132
376,5,126,0.8915077397439045,126,0.45580825768031624,0.126
377,4,135,0.890211112288012,135,0.3437538937927287,0.135
378,4,119,0.8951838610928123,119,0.15460856948241367,0.119
379,4,141,0.8731214181214049,141,0.14744133785547653,0.141
380,4,140,0.8859131635174651,140,0.37621528416826006,0.14
381,5,143,0.8887205757108727,143,0.033732420025613635,0.143
382,5,150,0.8970336575531374,150,0.08938742167069891,0.15
383,5,146,0.8889069904424833,146,0.08600105518312501,0.146
384,5,150,0.899292442811821,150,0.1048785808803321,0.15
385,5,131,0.8900999504248427,131,0.20743048604055797,0.131
386,2,135,0.9071294444405215,135,0.10454445635501526,0.135
387,2,113,0.8802896443611629,113,0.06756870344658925,0.113
388,2,126,0.8994842274077738,126,0.4921802564251362,0.126
389,2,146,0.8923710388231583,146,0.2926342356080821,0.146
390,2,155,0.877132704987126,155,0.18545080451089105,0.155
391,4,130,0.890736145049158,130,0.5403036033700561,0.13
392,4,141,0.8899546412864439,141,0.34243604510397124,0.141
393,4,143,0.9171893175756617,143,0.21476736297541923,0.143
394,2,136,0.908838514748008,136,0.5336819417542681,0.136
395,2,126,0.9143802995490736,126,0.0829973771283964,0.126
396,2,135,0.8951318325053444,135,0.2337404001450938,0.135
397,2,129,0.9139543700693421,129,0.21141325943315367,0.129
398,3,128,0.9192310232015741,128,0.06735401173168565,0.128
399,3,124,0.9182849790952757,124,0.5703601817751037,0.124
400,2,142,0.9002043450292782,142,0.07686655975347309,0.142
401,2,147,0.9002583683863601,147,0.08014444584025066,0.147
402,2,138,0.9110380436716027,138,0.29451663592388677,0.138
403,2,144,0.8787845568422621,144,0.408280279719463,0.144
404,2,143,0.9043318054563976,143,0.05772183821982396,0.143
405,2,117,0.878194640168353,117,0.07282924610327622,0.117
406,2,144,0.9085017758270104,144,0.19069145995496548,0.144
407,2,141,0.8962583599986808,141,0.16048160940145428,0.141
408,2,143,0.9051649177671347,143,0.41593486712851085,0.143
409,5,125,0.9043615885910277,125,0.29564606043774794,0.125
410,5,118,0.9316363971152123,118,0.22238137644376085,0.118
411,5,148,0.8982515240042319,148,0.20569752891360937,0.148
412,2,126,0.8864146885113711,126,0.2839921031145967,0.126
413,2,138,0.9008294778095798,138,0.05485789083609451,0.138
414,2,130,0.9166455230840767,130,0.2880743833476694,0.13
415,2,141,0.9099216659932494,141,0.2420473435120587,0.141
416,5,129,0.9041785081981925,129,0.10649594258682556,0.129
417,5,138,0.9004977088900702,138,0.3375601977497167,0.138
418,4,144,0.8895989435001979,144,0.14165265533729265,0.144
419,4,128,0.9039929467570371,128,0.4166584769621868,0.128
420,0,115,0.8912856981301215,115,0.3604634366988634,0.115
421,0,131,0.9073305321905027,131,0.3204435238958966,0.131
422,0,153,0.891038768206313,153,0.2527414011470231,0.153
423,2,126,0.9124170818004441,126,0.5349382117705606,0.126
424,2,130,0.8953323770382575,130,0.13732342176935983,0.13
425,2,137,0.9003123953786546,137,0.09614934027863498,0.137
426,2,120,0.9107446598436371,120,0.14632273987845706,0.12
427,2,131,0.9010687075177097,131,0.19474809412814167,0.131
428,2,116,0.8792357093612755,116,0.24405787885598035,0.116
429,2,124,0.8984601222079376,124,0.12778871331104144,0.124
430,2,111,0.9225643133829721,111,0.4024919901873417,0.111
431,0,146,0.9080986538303251,146,0.1780759265507494,0.146
432,0,139,0.8904212852960702,139,0.25661332448330426,0.139
433,0,153,0.8954237416950512,153,0.135436272144825,0.153
434,4,125,0.8793060628441342,125,0.1262732835506128,0.125
435,4,141,0.9185655144339359,141,0.16047879124264816,0.141
436,4,140,0.8798787868829112,140,0.4253462833786035,0.14
437,4,145,0.8960127510061656,145,0.2711710337457616,0.145
438,5,137,0.8892563883212888,137,0.15557979465375138,0.137
439,5,127,0.8812737302242651,127,0.355465069816567,0.127
440,5,127,0.900576215352484,127,0.13274772694544776,0.127
441,5,150,0.9048864322117595,150,0.20000692457004926,0.15
442,2,148,0.8967392643629656,148,0.10666798348245325,0.148
443,2,132,0.895327758628661,132,0.2770269289965613,0.132
444,2,149,0.8869282257391085,149,0.250097366461104,0.149
445,4,138,0.8841976902578997,138,0.14978924717863884,0.138
446,4,145,0.8764221026780651,145,0.10253256369143741,0.145
447,4,145,0.9043100535184041,145,0.29121184895192687,0.145
448,5,129,0.8963603345269983,129,0.3789262493615964,0.129
449,5,134,0.9058105438363537,134,0.24483149760830517,0.134
450,5,150,0.9058054867316112,150,0.2205389366295868,0.15
451,5,158,0.9188770240410926,158,0.24180478681548304,0.158
452,0,129,0.8919835780220648,129,0.15110545814624926,0.129
453,0,141,0.9011935422331706,141,0.1793774623607292,0.141
454,0,152,0.8943131223490154,152,0.3176209471070432,0.152
455,2,134,0.8902691959977095,134,0.07944285185269956,0.134
456,2,133,0.8881353878240171,133,0.18172220323914348,0.133
457,3,134,0.924129208971111,134,0.24987520128368707,0.134
458,3,119,0.9085782731188856,119,0.23155789043224986,0.119
459,3,129,0.9173717959139469,129,0.6217004099191229,0.129
460,3,158,0.9004136013191784,158,0.2414505188960421,0.158
461,3,141,0.8951564048547558,141,0.29986246001145406,0.141
462,3,151,0.8854648677631205,151,0.33100327660402323,0.151
463,3,146,0.8900608466394829,146,0.2594160590669036,0.146
464,3,139,0.9057785850215577,139,0.07277442003650335,0.139
465,3,149,0.8960173027405686,149,0.23848929949704906,0.149
466,3,130,0.8868957275030968,130,0.04056509466711562,0.13
467,3,128,0.9201238752899557,128,0.2646971845388044,0.128
468,3,114,0.9110998285126085,114,0.34962567599265243,0.114
469,5,143,0.8978170612554953,143,0.15066403435961248,0.143
470,5,145,0.9093851370672141,145,0.26375909018402005,0.145
471,5,149,0.8971761361927164,149,0.0347464246029373,0.149
472,5,132,0.8818810944576625,132,0.33344618376525365,0.132
473,1,133,0.9142129593816999,133,0.30709829818250145,0.133
474,1,126,0.8881069476812932,126,0.44682735589586514,0.126
475,3,152,0.8891381136575182,152,0.02670562015312237,0.152
476,3,141,0.9111707449863413,141,0.064788503698367,0.141
477,5,145,0.8908967860480923,145,0.4144370462305412,0.145
478,5,134,0.8970125809744145,134,0.6510167875922105,0.134
479,5,153,0.8819786273387453,153,0.017566281498324607,0.153
480,5,144,0.8914472406412979,144,0.1653887637457337,0.144
481,5,145,0.9086725036442775,145,0.13005954149524168,0.145
482,5,144,0.8916627139901423,144,0.27812086875103254,0.144
483,5,145,0.8925437184231394,145,0.33273520012220764,0.145
484,5,151,0.8783256204125456,151,0.43562306282377766,0.151
485,5,123,0.8998531089063943,123,0.18186424536345416,0.123
486,5,153,0.891384688218444,153,0.21182658307165705,0.153
487,2,123,0.9112301105638735,123,0.1226234547297116,0.123
488,2,136,0.8943206465296357,136,0.7301616270820317,0.136
489,2,137,0.8905633044199212,137,0.44092384858150796,0.137
490,2,131,0.8939122106349866,131,0.09452777338838024,0.131
491,5,140,0.9147041439467576,140,0.368189140744695,0.14
492,5,138,0.8960817365623185,138,0.5732406227540944,0.138
493,5,146,0.9245193793573417,146,0.057630175633352924,0.146
494,3,141,0.881141393005447,141,0.073095962672477,0.141
495,3,138,0.8893798494203512,138,0.14708130011177697,0.138
496,2,123,0.9189088429710501,123,0.31086979527276837,0.123
497,2,131,0.9089749639203004,131,0.23838163522548395,0.131
498,2,140,0.8813214866370024,140,0.3750290555193156,0.14
499,2,131,0.9122794672179618,131,0.2252945190458331,0.131
500,2,136,0.9009699997094606,136,0.17632108776117322,0.136
501,2,146,0.8878332162668928,146,0.39675480816393344,0.146
502,2,121,0.8996351248206979,121,0.32258761500620226,0.121
503,2,118,0.8884002378630906,118,0.26354506270532674,0.118
504,0,123,0.9106711092347733,123,0.11426112210399435,0.123
505,0,134,0.9090147016357767,134,0.1345458314000976,0.134
506,0,154,0.8938815690698895,154,0.09547465702789915,0.154
507,0,134,0.9086608377696945,134,0.09032342180297917,0.134
508,0,131,0.8860825503471191,131,0.3645474147151657,0.131
509,3,136,0.881778618233856,136,0.09662973130334729,0.136
510,3,116,0.8781821828045127,116,0.1378363303345459,0.116
511,3,159,0.8944315526365905,159,0.4112337042918707,0.159
512,3,142,0.8921461342325848,142,0.2298233528755742,0.142
513,3,153,0.8824019052934381,153,0.127236344960534,0.153
514,2,143,0.8894991125035471,143,0.3138389492478744,0.143
515,2,137,0.8982606185596396,137,0.6512469562103487,0.137
516,2,140,0.8927214003836654,140,0.24244596711825508,0.14
517,2,144,0.8924197774332043,144,0.20477328055269714,0.144
518,4,137,0.9106164130385027,137,0.3435558717408492,0.137
519,4,153,0.9005659743438371,153,0.3411921183457424,0.153
520,4,125,0.8862468485565371,125,0.0840401180565554,0.125
521,2,149,0.8984422841028288,149,0.19018043594372686,0.149
522,2,113,0.8881382408455456,113,0.30782082818202305,0.113
523,2,136,0.9032001524390667,136,0.3856569026169801,0.136
524,2,147,0.8941240505056491,147,0.03965511682644181,0.147
525,5,117,0.9042926429513821,117,0.09227676536893488,0.117
526,5,137,0.908632859341246,137,0.3136041501863228,0.137
527,5,141,0.904565735293152,141,0.23706812223662035,0.141
528,5,137,0.8889482632853686,137,0.16272201519673068,0.137
529,5,152,0.907433832107095,152,0.3813405398664626,0.152
530,5,152,0.9049248489176938,152,0.1288922621987325,0.152
531,5,150,0.8960755555208942,150,0.0651834870459935,0.15
532,5,133,0.8988003530842312,133,0.5138022776144694,0.133
533,5,135,0.9109743137375479,135,0.20646229691861878,0.135
534,2,121,0.9154031157436608,121,0.2946575410246664,0.121
535,2,120,0.9056580980430208,120,0.500349091040161,0.12
536,2,126,0.8832117921552409,126,0.242698789586402,0.126
537,2,132,0.9150071168040195,132,0.5483065931597003,0.132
538,2,128,0.8834329237239205,128,0.26727451256258167,0.128
539,2,124,0.9096221066982404,124,0.33817017523218224,0.124
540,3,148,0.8898195066071468,148,0.13300530108412975,0.148
541,3,143,0.8999106484418772,143,0.34352163465053537,0.143
542,3,137,0.8938265769267014,137,0.30160345876352385,0.137
543,2,131,0.8919857419811199,131,0.2018484001820043,0.131
544,2,131,0.8784506519665796,131,0.11090727095610416,0.131
545,5,138,0.88697492261596,138,0.09798326890329552,0.138
546,5,124,0.9018593923911838,124,0.19887765431317622,0.124
547,5,146,0.9061566518319306,146,0.14831578623861313,0.146
548,3,143,0.8870375853718689,143,0.05925831588013321,0.143
549,3,149,0.8902942956030633,149,0.24620778549924427,0.149
550,3,144,0.8915494878337729,144,0.481473606499912,0.144
551,3,123,0.8916737747953817,123,0.17568948413823576,0.123
552,2,146,0.8857290183912444,146,0.2625035198129826,0.146
553,2,142,0.9000742352064353,142,0.16810916406205975,0.142
554,2,141,0.8739948415499945,141,0.5263030222156135,0.141
555,2,140,0.8857293778447216,140,0.22516324976482652,0.14
556,2,142,0.8855686102531924,142,0.12446412126805503,0.142
557,5,140,0.8860324608994812,140,0.2246306740669139,0.14
558,5,125,0.8904678864970175,125,0.28557975709438943,0.125
559,2,131,0.8734825185733663,131,0.5099260590594213,0.131
560,2,120,0.8884738913321341,120,0.1421885913045197,0.12
561,2,140,0.891011185778155,140,0.2522401338685134,0.14
562,2,127,0.9076267387959025,127,0.09835219978453599,0.127
563,2,104,0.8859175006198805,104,0.17017995009472914,0.104
564,2,140,0.9089528572899841,140,0.27767780151748345,0.14
565,2,131,0.8965449902773855,131,0.07132606380177353,0.131
566,2,122,0.8934197711320064,122,0.19877761054191767,0.122
567,2,121,0.8923529861708697,121,0.2717202583495887,0.121
568,2,129,0.901755581755995,129,0.4375828932318641,0.129
569,2,124,0.8761282399360092,124,0.14553840866165202,0.124
570,2,128,0.8981638185152254,128,0.3838635587458303,0.128
571,3,131,0.906026245829464,131,0.22982025290191904,0.131
572,3,126,0.9090964443748139,126,0.0026739011349668786,0.126
573,2,132,0.8973902775546719,132,0.4234051631549203,0.132
574,2,130,0.9009622711672258,130,0.37413689080697754,0.13
575,2,132,0.9067177136192144,132,0.05786111078354888,0.132
576,2,147,0.886699238722743,147,0.3083005146175615,0.147
577,2,129,0.8883322145953235,129,0.2723546500609656,0.129
578,2,150,0.8942776355722486,150,0.15145269445305057,0.15
579,2,131,0.9029198602983062,131,0.366711358435053,0.131
580,2,132,0.8893153305015216,132,0.11486509959095889,0.132
581,0,145,0.905964184446221,145,0.19116968224410955,0.145
582,0,153,0.8805379831627639,153,0.1258846717536169,0.153
583,0,136,0.9177352682202731,136,0.464368908635646,0.136
584,2,150,0.8850534848883433,150,0.1478690982376179,0.15
585,2,135,0.9110480781152704,135,0.5222771566415922,0.135
586,2,138,0.8864705992687325,138,0.4098844046058594,0.138
587,2,131,0.9008308386166384,131,0.41486269463333497,0.131
588,5,146,0.902088608266708,146,0.35969520634372737,0.146
589,5,136,0.90192168032311,136,0.33281212190137077,0.136
590,3,132,0.8892809701670448,132,0.18171230131355162,0.132
591,3,134,0.9082565717401775,134,0.15778211111453505,0.134
592,2,138,0.8968805744055401,138,0.15125732977502046,0.138
593,2,138,0.8823315209238811,138,0.31830193173595744,0.138
594,2,156,0.8911289044446821,156,0.45831470772772737,0.156
595,2,133,0.8701992529329655,133,0.6391641395217308,0.133
596,4,154,0.894639713595928,154,0.4214906688182728,0.154
597,4,138,0.9056045179110025,138,0.153026690750871,0.138
598,4,148,0.920388339144756,148,0.24687387405118805,0.148
599,4,139,0.8996982230762873,139,0.07011593341158028,0.139
600,4,125,0.9012002192156475,125,0.2882909196282845,0.125
601,2,125,0.8804790605928482,125,0.27835374579044536,0.125
602,2,141,0.8800856386976007,141,0.11442024213334621,0.141
603,2,133,0.8988817636519205,133,0.5539348843224913,0.133
604,2,126,0.9101773167469936,126,0.16627318505930114,0.126
605,2,136,0.8709509077184134,136,0.49712338094345093,0.136
606,2,124,0.8973046892300123,124,0.4222267691865858,0.124
607,2,118,0.8946415641776878,118,0.23321137085864876,0.118
608,2,132,0.9102953534307254,132,0.07726448626263006,0.132
609,2,148,0.89767757088268,148,0.1596940045937862,0.148
610,2,144,0.9075340058770007,144,0.17430500879319216,0.144
611,2,129,0.9057936693414673,129,0.1790859733940834,0.129
612,2,126,0.9017637325644073,126,0.3518197483280775,0.126
613,2,126,0.8881713133946368,126,0.26620025616314963,0.126
614,5,154,0.8911554060127274,154,0.20269607298803785,0.154
615,5,159,0.8781950690872409,159,0.11460054098549799,0.159
616,5,126,0.8973446031180458,126,0.2560028230692378,0.126
617,5,144,0.88669918241377,144,0.09091493540262639,0.144
618,1,150,0.9047851439016888,150,0.3427978267674371,0.15
619,1,140,0.9048979077695227,140,0.44844620574175476,0.14
620,1,128,0.8939933650371865,128,0.26206777366371803,0.128
621,2,137,0.8985976521504028,137,0.18879147171740604,0.137
622,2,132,0.8966468019372641,132,0.3172050502719778,0.132
623,2,124,0.9047830502381052,124,0.3082412397870585,0.124
624,1,128,0.9142336480163831,128,0.24091588820258117,0.128
625,1,135,0.8959802689741334,135,0.25066142097700206,0.135
626,1,130,0.8905551478190404,130,0.2507634379172,0.13
627,1,118,0.8965980562052196,118,0.28820817134701043,0.118
628,1,143,0.9046881980488577,143,0.27200402740776075,0.143
629,1,138,0.8785174519292887,138,0.18748076236007324,0.138
630,1,132,0.8987063939369848,132,0.2959685476724501,0.132
631,1,148,0.8996298064990669,148,0.057597451928066944,0.148
632,1,146,0.9135403086125884,146,0.13898738394398452,0.146
633,1,160,0.8946967426296846,160,0.20012809609541587,0.16
634,2,142,0.905496905094792,142,0.14854555955100682,0.142
635,2,134,0.882924813481713,134,0.24152561207573034,0.134
636,2,134,0.8875258481360497,134,0.1465360595788532,0.134
637,2,142,0.9114491736279356,142,0.6483884819397895,0.142
638,2,146,0.8971603692943192,146,0.5025136313465624,0.146
639,2,150,0.9147911382505189,150,0.6749269176048653,0.15
640,2,139,0.9038340826772637,139,0.07124169502271492,0.139
641,2,130,0.8964892638980202,130,0.39946488831011334,0.13
642,2,137,0.9086758324943168,137,0.044996266861132,0.137
643,1,141,0.9104128181683366,141,0.06657092228542581,0.141
644,1,131,0.8948294037588544,131,0.056533261765213665,0.131
645,2,138,0.8926255437344679,138,0.2584021055831601,0.138
646,2,137,0.8931533545965135,137,0.10731583435024425,0.137
647,2,148,0.8950465250009685,148,0.10352391050357475,0.148
648,2,121,0.8784377951790086,121,0.15393175481273236,0.121
649,1,148,0.9093278321203213,148,0.3203736152435297,0.148
650,1,140,0.9033541299865522,140,0.15027302267207432,0.14
651,1,128,0.8935701115022795,128,0.47944556437902186,0.128
652,2,136,0.8892423982308973,136,0.2504789767907337,0.136
653,2,129,0.8969763062210943,129,0.290732492941954,0.129
654,3,117,0.9106934176809756,117,0.5856268224447767,0.117
655,3,126,0.9063808465989658,126,0.43498731500165444,0.126
656,3,125,0.893851152129037,125,0.12467440317920225,0.125
657,3,143,0.915284476425192,143,0.492494229098974,0.143
658,2,143,0.8975032676351825,143,0.3328582056497374,0.143
659,2,152,0.9151289179923002,152,0.4190337502220456,0.152
660,2,134,0.8983948529569895,134,0.06730737633235902,0.134
661,2,147,0.8948220152758143,147,0.17729844666170175,0.147
662,2,153,0.8685434157428796,153,0.4637984768036443,0.153
663,0,133,0.9265882437941958,133,0.0248126056247585,0.133
664,0,141,0.9037868872909326,141,0.16176754493578782,0.141
665,0,137,0.8831256474216201,137,0.02351572212112608,0.137
666,0,118,0.9018427547388786,118,0.3062507229850413,0.118
667,0,145,0.9183798119921281,145,0.07871437991099055,0.145
668,2,138,0.9020645749951272,138,0.11813724622129303,0.138
669,2,141,0.8965592666185047,141,0.3760230012660273,0.141
670,2,133,0.8831607650098987,133,0.21452317582985775,0.133
671,1,113,0.9281679633679543,113,0.09278918171018127,0.113
672,1,144,0.8934543780996952,144,0.2433778105785631,0.144
673,1,140,0.8902599166707169,140,0.14710942300371194,0.14
674,1,137,0.9076363360481858,137,0.4901891265728303,0.137
675,1,142,0.900375279364762,142,0.5153092730373827,0.142
676,2,139,0.8976965724924582,139,0.18618480184904806,0.139
677,2,141,0.9055974134443243,141,0.1798034671013306,0.141
678,2,129,0.9013602763165462,129,0.46490699198639,0.129
679,3,152,0.8853634853266789,152,0.31152123094534534,0.152
680,3,146,0.8832615389928905,146,0.4699710785118069,0.146
681,3,136,0.8907262335846908,136,0.3423373710614207,0.136
682,3,143,0.886912797677257,143,0.08474623965647997,0.143
683,2,127,0.8932057426879515,127,0.24801301796654837,0.127
684,2,141,0.8938001255023065,141,0.09484075520070424,0.141
685,1,146,0.8797544664858046,146,0.3843481150419691,0.146
686,1,146,0.9107936925641189,146,0.2168319752823666,0.146
687,0,126,0.9044027316948339,126,0.17177085587712565,0.126
688,0,136,0.9127134429833345,136,0.07421039616504038,0.136
689,0,138,0.891171097820955,138,0.47100789891685196,0.138
690,5,145,0.8939441452628539,145,0.35977784751708447,0.145
691,5,137,0.8900010204131988,137,0.29649828841742487,0.137
692,5,127,0.9021721699024291,127,0.29432856317120265,0.127
